<?xml version="1.0" encoding="utf-8"?>
<RegisterDescription
ModelName="EM010GE"
VendorName="EURESYS"
ToolTip="GigE Vision Peripheral Device Emulator."
StandardNameSpace="GEV"
SchemaMajorVersion="1"
SchemaMinorVersion="1"
SchemaSubMinorVersion="0"
MajorVersion="1"
MinorVersion="0"
SubMinorVersion="4"
VersionGuid="427D6380-B98A-45E4-A96A-3FB3A1740B72"
ProductGuid="A34A44E0-2988-4AEB-A4BF-E8095F477395"
xmlns="http://www.genicam.org/GenApi/Version_1_1"
xmlns:xsi="http://www.w3.org/2001/XMLSchema-instance"
xsi:schemaLocation="http://www.genicam.org/GenApi/Version_1_1
../GenApiSchema_Version_1_1.xsd">

	<Category Name="Root" NameSpace="Standard">
		<ToolTip>Features list for EM-010GE</ToolTip>
		<pFeature>DeviceControl</pFeature>
		<pFeature>LightControl</pFeature>
		<pFeature>TransportLayerControl</pFeature>
	</Category>

	<Category Name="DeviceControl" NameSpace="Standard">
		<ToolTip>Category for Device information and control.</ToolTip>
		<Description>Device control features provides general information and control for the device (camera) and its sensor. This is mainly used to identify the device during the enumeration process and to obtain information about the sensor resolution. Other information and controls pertaining to the general state of the device are also included in this category.</Description>
		<DisplayName>Device Control</DisplayName>
		<pFeature>DeviceVendorName</pFeature>
		<pFeature>DeviceModelName</pFeature>
		<pFeature>DeviceVersion</pFeature>
		<pFeature>DeviceManufacturerInfo</pFeature>
		<pFeature>DeviceID</pFeature>
		<pFeature>DeviceUserID</pFeature>
	</Category>

	<Category Name="LightControl" NameSpace="Standard">
		<ToolTip>Category that contains the Lighting Control features.</ToolTip>
		<Description>This Category contains all the Lighting Control features.</Description>
		<DisplayName>Lighting Control</DisplayName>
		<pFeature>LightControllerSelector</pFeature>
		<pFeature>LightBrightness</pFeature>
		<pFeature>LightBrightnessRaw</pFeature>
	</Category>

	<Category Name="TransportLayerControl" NameSpace="Standard">
		<ToolTip>GigE Vision Transport Layer Features</ToolTip>
		<Description>This Category contains all features containing GigE Vision Transport Layer Control</Description>
		<DisplayName>Transport Layer Control</DisplayName>
		<pFeature>GevVersionMajor</pFeature>
		<pFeature>GevVersionMinor</pFeature>
		<pFeature>GevDeviceModeIsBigEndian</pFeature>
		<pFeature>GevDeviceModeCharacterSet</pFeature>
		<pFeature>GevMACAddress</pFeature>
		<pFeature>GevSupportedIPConfigurationLLA</pFeature>
		<pFeature>GevSupportedIPConfigurationDHCP</pFeature>
		<pFeature>GevSupportedIPConfigurationPersistentIP</pFeature>
		<pFeature>GevCurrentIPConfigurationLLA</pFeature>
		<pFeature>GevCurrentIPConfigurationDHCP</pFeature>
		<pFeature>GevCurrentIPConfigurationPersistentIP</pFeature>
		<pFeature>GevCurrentIPAddress</pFeature>
		<pFeature>GevCurrentSubnetMask</pFeature>
		<pFeature>GevCurrentDefaultGateway</pFeature>
		<pFeature>GevFirstURL</pFeature>
		<pFeature>GevGVCPPendingTimeout</pFeature>
		<pFeature>GevHeartbeatTimeout</pFeature>
		<pFeature>GevCCP</pFeature>
	</Category>

	<Group Comment="Device Control">
		<StringReg Name="DeviceVendorName" NameSpace="Standard">
			<ToolTip>Name of the manufacturer of the device.</ToolTip>
			<Description>Name of the manufacturer of the device. This is read from the Bootstrap Register</Description>
			<DisplayName>Device Vendor Name</DisplayName>
			<Address>0x0048</Address>
			<Length>32</Length>
			<AccessMode>RO</AccessMode>
			<pPort>Device</pPort>
		</StringReg>

		<StringReg Name="DeviceModelName" NameSpace="Standard">
			<ToolTip>Model of the device.</ToolTip>
			<Description>Model of the device. This is read from the Bootstrap Register</Description>
			<DisplayName>Device Model Name</DisplayName>
			<Address>0x0068</Address>
			<Length>32</Length>
			<AccessMode>RO</AccessMode>
			<pPort>Device</pPort>
		</StringReg>

		<StringReg Name="DeviceVersion" NameSpace="Standard">
			<ToolTip>Version of the device.</ToolTip>
			<Description>Version of the device. This is read from the Bootstrap Register</Description>
			<DisplayName>Device Version</DisplayName>
			<Address>0x0088</Address>
			<Length>32</Length>
			<AccessMode>RO</AccessMode>
			<pPort>Device</pPort>
		</StringReg>

		<StringReg Name="DeviceManufacturerInfo" NameSpace="Standard">
			<ToolTip>Manufacturer information about the device.</ToolTip>
			<Description>Manufacturer information about the device. This is read from the Bootstrap Register</Description>
			<DisplayName>Device Manufacturer Info</DisplayName>
			<Address>0x00A8</Address>
			<Length>48</Length>
			<AccessMode>RO</AccessMode>
			<pPort>Device</pPort>
		</StringReg>

		<StringReg Name="DeviceID" NameSpace="Standard">
			<ToolTip>Device identifier (serial number).</ToolTip>
			<Description>Device identifier (serial number). This is read from the Bootstrap Register</Description>
			<DisplayName>Device ID</DisplayName>
			<Visibility>Expert</Visibility>
			<Address>0x00D8</Address>
			<Length>16</Length>
			<AccessMode>RO</AccessMode>
			<pPort>Device</pPort>
		</StringReg>

		<StringReg Name="DeviceUserID" NameSpace="Standard">
			<ToolTip>User-programmable device identifier.</ToolTip>
			<Description>This string contains a user-programmable name to assign to the device. It can be used to identify the device.</Description>
			<DisplayName>Device User ID</DisplayName>
			<Visibility>Expert</Visibility>
			<Address>0x00E8</Address>
			<Length>16</Length>
			<AccessMode>RW</AccessMode>
			<pPort>Device</pPort>
		</StringReg>
	</Group>

	<Group Comment="Light Control">
		<Enumeration Name="LightControllerSelector" NameSpace="Standard">
			<ToolTip>Selects the Light Controller to configure.</ToolTip>
			<Description>Select Control PWM port of Arduino MEGA2560. LightController0 is PORT 44. LightController1 is PORT 45. LightController2 is PORT 46. LightController3 is PORT 47.</Description>
			<DisplayName>Light Controller Selector</DisplayName>
			<Visibility>Beginner</Visibility>
			<Streamable>Yes</Streamable>
			<EnumEntry Name="LightController0" NameSpace="Standard">
				<ToolTip>Light Controller0 is connected to Line1.</ToolTip>
				<Description>Light Controller0 is connected to PORT 44.</Description>
				<DisplayName>LightController0</DisplayName>
				<Value>0</Value>
			</EnumEntry>
			<pValue>LightControllerSelectorValue</pValue>
			<pSelected>LightBrightness</pSelected>
			<pSelected>LightBrightnessRaw</pSelected>
		</Enumeration>
		<Integer Name="LightControllerSelectorValue" NameSpace="Custom">
	    	<Value>0</Value>
		</Integer>

		<Float Name="LightBrightness" NameSpace="Standard">
			<ToolTip>Set the brightness of the lighting output in percent.</ToolTip>
			<Description>Set the brightness of the lighting output in percent.</Description>
			<DisplayName>Light Brightness</DisplayName>
			<Visibility>Beginner</Visibility>
			<Streamable>Yes</Streamable>
			<pValue>pLightBrightnessConverter</pValue>
			<pMin>pLightBrightnessMinValue</pMin>
			<pMax>pLightBrightnessMaxValue</pMax>
			<Unit>%</Unit>
			<Representation>Linear</Representation>
		</Float>
		<Converter Name="pLightBrightnessConverter" NameSpace="Custom">
			<FormulaTo>255.0*(FROM/100.0)</FormulaTo>
			<FormulaFrom>100.0*(TO/255.0)</FormulaFrom>
			<pValue>LightBrightnessRaw</pValue>
		</Converter>
		<Float Name="pLightBrightnessMinValue">
			<Value>0.0</Value>
		</Float>
		<Float Name="pLightBrightnessMaxValue">
			<Value>100.0</Value>
		</Float>

		<Integer Name="LightBrightnessRaw" NameSpace="Custom">
			<ToolTip>Set the brightness of the lighting output in 256 gradations.</ToolTip>
			<Description>Set the brightness of the lighting output in 256 gradations.</Description>
			<DisplayName>Light Brightness Raw</DisplayName>
			<Visibility>Expert</Visibility>
			<Streamable>Yes</Streamable>
			<pValue>pLightBrightnessRawReg</pValue>
			<pMin>pLightBrightnessRawMinValue</pMin>
			<pMax>pLightBrightnessRawMaxValue</pMax>
			<Representation>Linear</Representation>
		</Integer>
		<IntReg Name="pLightBrightnessRawReg">
			<Address>0x01000</Address>
			<Length>4</Length>
			<AccessMode>RW</AccessMode>
			<pPort>Device</pPort>
			<Sign>Unsigned</Sign>
			<Endianess>BigEndian</Endianess>
		</IntReg>
		<Integer Name="pLightBrightnessRawMinValue">
			<Value>0</Value>
		</Integer>
		<Integer Name="pLightBrightnessRawMaxValue">
			<Value>255</Value>
		</Integer>
	</Group>

	<Group Comment="Transport Layer Control">
		<Integer Name="GevVersionMajor" NameSpace="Standard">
			<ToolTip>Major version of the GigE Vision specification supported by this device</ToolTip>
			<Description>This field represents the major version of the GigE Vision specification supported by this device. 1.0 for the first release of GigE Vision.</Description>
			<DisplayName>GigE Vision Major Version</DisplayName>
			<Visibility>Expert</Visibility>
			<pValue>GevVersionMajorReg</pValue>
		</Integer>
		<MaskedIntReg Name="GevVersionMajorReg">
			<Address>0x0000</Address>
			<Length>4</Length>
			<AccessMode>RO</AccessMode>
			<pPort>Device</pPort>
			<LSB>15</LSB>
			<MSB>0</MSB>
			<Sign>Unsigned</Sign>
			<Endianess>BigEndian</Endianess>
		</MaskedIntReg>

		<Integer Name="GevVersionMinor" NameSpace="Standard">
			<ToolTip>Minor version of the GigE Vision specification supported by this device</ToolTip>
			<Description>This field represents the minor version of the GigE Vision specification supported by this device. 1.0 for the first release of GigE Vision.</Description>
			<DisplayName>GigE Vision Minor Version</DisplayName>
			<Visibility>Expert</Visibility>
			<pValue>GevVersionMinorReg</pValue>
		</Integer>
		<MaskedIntReg Name="GevVersionMinorReg">
			<Address>0x0000</Address>
			<Length>4</Length>
			<AccessMode>RO</AccessMode>
			<pPort>Device</pPort>
			<LSB>31</LSB>
			<MSB>16</MSB>
			<Sign>Unsigned</Sign>
			<Endianess>BigEndian</Endianess>
		</MaskedIntReg>

		<Boolean Name="GevDeviceModeIsBigEndian" NameSpace="Standard">
			<ToolTip>This represents the endianess of device registers.</ToolTip>
			<Description>Endianess might be used to interpret multi-byte data for READMEM and WRITEMEM commands. This represents the endianess of device registers.</Description>
			<DisplayName>Is Big Endian</DisplayName>
			<Visibility>Guru</Visibility>
			<pValue>GevDeviceModeIsBigEndianReg</pValue>
		</Boolean>
		<MaskedIntReg Name="GevDeviceModeIsBigEndianReg">
			<Address>0x0004</Address>
			<Length>4</Length>
			<AccessMode>RO</AccessMode>
			<pPort>Device</pPort>
			<LSB>0</LSB>
			<MSB>0</MSB>
			<Sign>Unsigned</Sign>
			<Endianess>BigEndian</Endianess>
		</MaskedIntReg>

		<Enumeration Name="GevDeviceModeCharacterSet" NameSpace="Standard">
			<ToolTip>This register represents the character set used by all the strings of the boostrap register.</ToolTip>
			<Description>This register represents the character set used by all the strings of the boostrap register.</Description>
			<DisplayName>Character Set</DisplayName>
			<Visibility>Guru</Visibility>
			<EnumEntry Name="Unknown">
				<ToolTip>Unknown</ToolTip>
				<Description>Unknown</Description>
				<DisplayName>Unknown</DisplayName>
				<Value>0</Value>
			</EnumEntry>
			<EnumEntry Name="UTF8">
				<ToolTip>UTF8</ToolTip>
				<Description>UTF8</Description>
				<DisplayName>UTF8</DisplayName>
				<Value>1</Value>
			</EnumEntry>
			<pValue>GevDeviceModeCharacterSetReg</pValue>
		</Enumeration>
		<MaskedIntReg Name="GevDeviceModeCharacterSetReg">
			<Address>0x0004</Address>
			<Length>4</Length>
			<AccessMode>RO</AccessMode>
			<pPort>Device</pPort>
			<LSB>31</LSB>
			<MSB>24</MSB>
			<Sign>Unsigned</Sign>
			<Endianess>BigEndian</Endianess>
		</MaskedIntReg>

		<Integer Name="GevMACAddress" NameSpace="Standard">
			<ToolTip>MAC Address of the device</ToolTip>
			<Description>MAC Address of the device</Description>
			<DisplayName>MAC Address</DisplayName>
			<pValue>GevMACAddressValue</pValue>
			<Representation>HexNumber</Representation>
		</Integer>
		<IntSwissKnife Name="GevMACAddressValue">
			<pVariable Name="HIGH">pGevMACAddressHighReg</pVariable>
			<pVariable Name="LOW">pGevMACAddressLowReg</pVariable>
			<Formula>(HIGH &lt;&lt; 32) | LOW</Formula>
		</IntSwissKnife>
		<MaskedIntReg Name="pGevMACAddressHighReg">
			<Address>0x0008</Address>
			<Length>4</Length>
			<AccessMode>RO</AccessMode>
			<pPort>Device</pPort>
			<LSB>31</LSB>
			<MSB>16</MSB>
			<Sign>Unsigned</Sign>
			<Endianess>BigEndian</Endianess>
		</MaskedIntReg>
		<MaskedIntReg Name="pGevMACAddressLowReg">
			<Address>0x000C</Address>
			<Length>4</Length>
			<AccessMode>RO</AccessMode>
			<pPort>Device</pPort>
			<LSB>31</LSB>
			<MSB>0</MSB>
			<Sign>Unsigned</Sign>
			<Endianess>BigEndian</Endianess>
		</MaskedIntReg>

		<Boolean Name="GevSupportedIPConfigurationLLA" NameSpace="Standard">
			<ToolTip>Indicate if LLA is supported by the device</ToolTip>
			<Description>Indicate if LLA is supported by the device</Description>
			<DisplayName>Supported LLA</DisplayName>
			<Visibility>Expert</Visibility>
			<pValue>GevSupportedIPConfigurationLLAReg</pValue>
		</Boolean>
		<MaskedIntReg Name="GevSupportedIPConfigurationLLAReg">
			<Address>0x0010</Address>
			<Length>4</Length>
			<AccessMode>RO</AccessMode>
			<pPort>Device</pPort>
			<LSB>29</LSB>
			<MSB>29</MSB>
			<Sign>Unsigned</Sign>
			<Endianess>BigEndian</Endianess>
		</MaskedIntReg>

		<Boolean Name="GevSupportedIPConfigurationDHCP" NameSpace="Standard">
			<ToolTip>Indicate if DHCP is supported by the device</ToolTip>
			<Description>Indicate if DHCP is supported by the device</Description>
			<DisplayName>Supported DHCP</DisplayName>
			<Visibility>Expert</Visibility>
			<pValue>GevSupportedIPConfigurationDHCPReg</pValue>
		</Boolean>
		<MaskedIntReg Name="GevSupportedIPConfigurationDHCPReg">
			<Address>0x0010</Address>
			<Length>4</Length>
			<AccessMode>RO</AccessMode>
			<pPort>Device</pPort>
			<LSB>30</LSB>
			<MSB>30</MSB>
			<Sign>Unsigned</Sign>
			<Endianess>BigEndian</Endianess>
		</MaskedIntReg>

		<Boolean Name="GevSupportedIPConfigurationPersistentIP" NameSpace="Standard">
			<ToolTip>Indicate if Persistent IP is supported by the device</ToolTip>
			<Description>Indicate if Persistent IP is supported by the device</Description>
			<DisplayName>Supported Persistent IP</DisplayName>
			<Visibility>Expert</Visibility>
			<pValue>GevSupportedIPConfigurationPersistentIPReg</pValue>
		</Boolean>
		<MaskedIntReg Name="GevSupportedIPConfigurationPersistentIPReg">
			<Address>0x0010</Address>
			<Length>4</Length>
			<AccessMode>RO</AccessMode>
			<pPort>Device</pPort>
			<LSB>31</LSB>
			<MSB>31</MSB>
			<Sign>Unsigned</Sign>
			<Endianess>BigEndian</Endianess>
		</MaskedIntReg>

		<Boolean Name="GevCurrentIPConfigurationLLA" NameSpace="Standard">
			<ToolTip>Indicate if LLA is activated as a currently used IP configuration scheme.</ToolTip>
			<Description>Indicate if LLA is activated as a currently used IP configuration scheme.</Description>
			<DisplayName>Current IP Configuration LLA</DisplayName>
			<Streamable>Yes</Streamable>
			<pValue>GevCurrentIPConfigurationLLAReg</pValue>
		</Boolean>
		<MaskedIntReg Name="GevCurrentIPConfigurationLLAReg">
			<Address>0x0014</Address>
			<Length>4</Length>
			<AccessMode>RW</AccessMode>
			<pPort>Device</pPort>
			<LSB>29</LSB>
			<MSB>29</MSB>
			<Sign>Unsigned</Sign>
			<Endianess>BigEndian</Endianess>
		</MaskedIntReg>

		<Boolean Name="GevCurrentIPConfigurationDHCP" NameSpace="Standard">
			<ToolTip>Indicate if DHCP is activated as a currently used IP configuration scheme.</ToolTip>
			<Description>Indicate if DHCP is activated as a currently used IP configuration scheme.</Description>
			<DisplayName>Current IP Configuration DHCP</DisplayName>
			<Streamable>Yes</Streamable>
			<pValue>GevCurrentIPConfigurationDHCPReg</pValue>
		</Boolean>
		<MaskedIntReg Name="GevCurrentIPConfigurationDHCPReg">
			<Address>0x0014</Address>
			<Length>4</Length>
			<AccessMode>RW</AccessMode>
			<pPort>Device</pPort>
			<LSB>30</LSB>
			<MSB>30</MSB>
			<Sign>Unsigned</Sign>
			<Endianess>BigEndian</Endianess>
		</MaskedIntReg>

		<Boolean Name="GevCurrentIPConfigurationPersistentIP" NameSpace="Standard">
			<ToolTip>Indicate if persistent IP is activated as a currently used IP configuration scheme.</ToolTip>
			<Description>Indicate if persistent IP is activated as a currently used IP configuration scheme.</Description>
			<DisplayName>Current IP Configuration Persistent IP</DisplayName>
			<Streamable>Yes</Streamable>
			<pValue>GevCurrentIPConfigurationPersistentIPReg</pValue>
		</Boolean>
		<MaskedIntReg Name="GevCurrentIPConfigurationPersistentIPReg">
			<Address>0x0014</Address>
			<Length>4</Length>
			<AccessMode>RW</AccessMode>
			<pPort>Device</pPort>
			<LSB>31</LSB>
			<MSB>31</MSB>
			<Sign>Unsigned</Sign>
			<Endianess>BigEndian</Endianess>
		</MaskedIntReg>

		<Integer Name="GevCurrentIPAddress" NameSpace="Standard">
			<ToolTip>Current IP Address</ToolTip>
			<Description>Current IP Address</Description>
			<DisplayName>Current IP Address</DisplayName>
			<pValue>GevCurrentIPAddressReg</pValue>
		</Integer>
		<IntReg Name="GevCurrentIPAddressReg">
			<Address>0x0024</Address>
			<Length>4</Length>
			<AccessMode>RO</AccessMode>
			<pPort>Device</pPort>
			<Sign>Unsigned</Sign>
			<Endianess>BigEndian</Endianess>
		</IntReg>

		<Integer Name="GevCurrentSubnetMask" NameSpace="Standard">
			<ToolTip>Current Subnet Mask</ToolTip>
			<Description>Current Subnet Mask</Description>
			<DisplayName>Current Subnet Mask</DisplayName>
			<pValue>GevCurrentSubnetMaskReg</pValue>
		</Integer>
		<IntReg Name="GevCurrentSubnetMaskReg">
			<Address>0x0034</Address>
			<Length>4</Length>
			<AccessMode>RO</AccessMode>
			<pPort>Device</pPort>
			<Sign>Unsigned</Sign>
			<Endianess>BigEndian</Endianess>
		</IntReg>

		<Integer Name="GevCurrentDefaultGateway" NameSpace="Standard">
			<ToolTip>Current Default Gateway</ToolTip>
			<Description>Current Default Gateway</Description>
			<DisplayName>Current Default Gateway</DisplayName>
			<pValue>GevCurrentDefaultGatewayReg</pValue>
		</Integer>
		<IntReg Name="GevCurrentDefaultGatewayReg">
			<Address>0x0044</Address>
			<Length>4</Length>
			<AccessMode>RO</AccessMode>
			<pPort>Device</pPort>
			<Sign>Unsigned</Sign>
			<Endianess>BigEndian</Endianess>
		</IntReg>

		<StringReg Name="GevFirstURL" NameSpace="Standard">
			<ToolTip>First choice of URL for XML device description file</ToolTip>
			<Description>This feature stores the first URL to the XML device description file. The First URL is used as the first choice by the application to retrieve the XML device description file.</Description>
			<DisplayName>First URL</DisplayName>
			<Visibility>Guru</Visibility>
			<Address>0x0200</Address>
			<Length>512</Length>
			<AccessMode>RO</AccessMode>
			<pPort>Device</pPort>
		</StringReg>

		<Integer Name="GevNumberOfInterfaces" NameSpace="Standard">
			<ToolTip>This feature indicates the number of physical network interfaces supported by this device.</ToolTip>
			<Description>This feature indicates the number of physical network interfaces supported by this device.</Description>
			<DisplayName>Number Of Interfaces</DisplayName>
			<Visibility>Expert</Visibility>
			<pValue>GevNumberOfInterfacesReg</pValue>
		</Integer>
		<IntReg Name="GevNumberOfInterfacesReg">
			<Address>0x0600</Address>
			<Length>4</Length>
			<AccessMode>RO</AccessMode>
			<pPort>Device</pPort>
			<Sign>Unsigned</Sign>
			<Endianess>BigEndian</Endianess>
		</IntReg>

		<Integer Name="GevHeartbeatTimeout" NameSpace="Standard">
			<ToolTip>Indicates the current heartbeat timeout in milliseconds.</ToolTip>
			<Description>Indicates the current heartbeat timeout in milliseconds.</Description>
			<DisplayName>Heartbeat Timeout</DisplayName>
			<Visibility>Guru</Visibility>
			<Streamable>Yes</Streamable>
			<pValue>pGevHeartbeatTimeoutReg</pValue>
			<Min>1</Min>
			<Max>4294967295</Max>
			<Representation>Linear</Representation>
		</Integer>
		<IntReg Name="pGevHeartbeatTimeoutReg">
			<Address>0x0938</Address>
			<Length>4</Length>
			<AccessMode>RW</AccessMode>
			<pPort>Device</pPort>
			<Sign>Unsigned</Sign>
			<Endianess>BigEndian</Endianess>
		</IntReg>

		<Integer Name="GevGVCPPendingTimeout" NameSpace="Standard">
			<ToolTip>Indicates the worst-case execution time before GVCP command completion.</ToolTip>
			<Description>Indicates the worst-case execution time before GVCP command completion.</Description>
			<DisplayName>Pending Timeout</DisplayName>
			<Visibility>Invisible</Visibility>
			<pValue>GevGVCPPendingTimeoutReg</pValue>
		</Integer>
		<IntReg Name="GevGVCPPendingTimeoutReg">
			<Address>0x0958</Address>
			<Length>4</Length>
			<AccessMode>RO</AccessMode>
			<pPort>Device</pPort>
			<Sign>Unsigned</Sign>
			<Endianess>BigEndian</Endianess>
		</IntReg>

		<Enumeration Name="GevCCP" NameSpace="Standard">
			<ToolTip>Controls the device access privilege of an application.</ToolTip>
			<Description>Controls the device access privilege of an application. Only one application is allowed to control the device. This application is able to write into device&apos;s registers. Other applications can read device&apos;s register only if the controlling application does not have the exclusive privilege.</Description>
			<DisplayName>Control Channel Privilege</DisplayName>
			<Visibility>Guru</Visibility>
			<ImposedAccessMode>RW</ImposedAccessMode>
			<EnumEntry Name="OpenAccess">
				<DisplayName>Open Access</DisplayName>
				<Value>0</Value>
			</EnumEntry>
			<EnumEntry Name="ExclusiveAccess">
				<DisplayName>Exclusive Access</DisplayName>
				<Value>1</Value>
			</EnumEntry>
			<EnumEntry Name="ControlAccess">
				<DisplayName>Control Access</DisplayName>
				<Value>2</Value>
			</EnumEntry>
			<EnumEntry Name="ExclusiveControl" NameSpace="Custom">
				<DisplayName>Exclusive Control</DisplayName>
				<Value>3</Value>
			</EnumEntry>
			<pValue>pGevCCPReg</pValue>
		</Enumeration>
		<IntReg Name="pGevCCPReg">
			<Address>0x0A00</Address>
			<Length>4</Length>
			<AccessMode>RW</AccessMode>
			<pPort>Device</pPort>
			<Sign>Unsigned</Sign>
			<Endianess>BigEndian</Endianess>
		</IntReg>
	</Group>

	<Port Name="Device" NameSpace="Standard">
	</Port>

</RegisterDescription>
